Agent Zhang         章亦春             agentzh{{{}}}yahoo.cn
Laye Suen           孙磊               layesuen{{{}}}gmail.com
cnhackTNT           王晖               cnhacktnt{{{}}}gmail.com
shangerdi           尚尔迪             shangerdi{{{}}}yahoo.com.cn
laser               weiping            laserhenry{{{}}}gmail.com
Sal Zhong           仲伟祥             zhongxiang721{{{}}}gmail.com
------
Please replace {{{}}} with @.

